[
  { "id": 1, "country_name": "Арабын Нэгдсэн Эмирт Улс", "country_code": "AE" },
  { "id": 2, "country_name": "Албани", "country_code": "AL" },
  { "id": 3, "country_name": "Армен – Бүгд Найрамдах Армен Улс & Нагарно-Карабахын Бүгд Найрамдах Улс (Арцах)", "country_code": "AM" },
  { "id": 4, "country_name": "Ангол – Бүгд Найрамдах Ангол Улс", "country_code": "AO" },
  { "id": 5, "country_name": "Аргентин – Бүгд Найрамдах Аргентин Улс", "country_code": "AR" },
  { "id": 6, "country_name": "Австри – Бүгд Найрамдах Австри Улс", "country_code": "AT" },
  { "id": 7, "country_name": "Австрали – Австралийн Хамтын Нөхөрлөл", "country_code": "AU" },
  { "id": 8, "country_name": "-", "country_code": "-" },
  { "id": 9, "country_name": "Азербайжан – Бүгд Найрамдах Азербайжан Улс", "country_code": "AZ" },
  { "id": 10, "country_name": "Босни-Герцеговин", "country_code": "BA" },
  { "id": 11, "country_name": "Барбадос", "country_code": "BB" },
  { "id": 12, "country_name": "Бангладеш – Бүгд Найрамдах Бангладеш Ард Улс", "country_code": "BD" },
  { "id": 13, "country_name": "Бельги – Бельгийн Вант Улс", "country_code": "BE" },
  { "id": 14, "country_name": "Буркина-Фасо улс", "country_code": "BF" },
  { "id": 15, "country_name": "Болгар – Бүгд Найрамдах Болгар Улс", "country_code": "BG" },
  { "id": 16, "country_name": "Бурунди – Бүгд Найрамдах Бурунди Улс", "country_code": "BI" },
  { "id": 17, "country_name": "Бразил – Холбооны Бүгд Найрамдах Бразил Улс", "country_code": "BR" },
  { "id": 18, "country_name": "Багамын арлууд – Багамын Арлуудын Хамтын Нөхөрлөл", "country_code": "BS" },
  { "id": 19, "country_name": "Бутан – Бутаны Вант Улс", "country_code": "BT" },
  { "id": 20, "country_name": "Беларусь – Бүгд Найрамдах Беларусь Улс", "country_code": "BY" },
  { "id": 21, "country_name": "Канад", "country_code": "CA" },
  { "id": 22, "country_name": "Швейцари – Швейцарийн Холбооны Улс", "country_code": "CH" },
  { "id": 23, "country_name": "Зааны Ясан Эрэг – Зааны Ясан Эргийн Бүгд Найрамдах Улс", "country_code": "CI" },
  { "id": 24, "country_name": "Чили – Бүгд Найрамдах Чили Улс", "country_code": "CL" },
  { "id": 25, "country_name": "Камерун – Бүгд Найрамдах Камерун Улс", "country_code": "CM" },
  { "id": 26, "country_name": "Хятад – Бүгд Найрамдах Хятад Ард Улс", "country_code": "CN" },
  { "id": 27, "country_name": "Колумб – Бүгд Найрамдах Колумб Улс", "country_code": "CO" },
  { "id": 28, "country_name": "Коста-Рика – Бүгд Найрамдах Коста-Рика Улс", "country_code": "CR" },
  { "id": 29, "country_name": "Куба – Бүгд Найрамдах Куба Улс", "country_code": "CU" },
  { "id": 30, "country_name": "Кипр – Бүгд Найрамдах Кипр Улс", "country_code": "CY" },
  { "id": 31, "country_name": "Чех - Бүгд Найрамдах Чех Улс", "country_code": "CZ" },
  { "id": 32, "country_name": "Герман – Холбооны Бүгд Найрамдах Герман Улс", "country_code": "DE" },
  { "id": 33, "country_name": "Дани – Данийн Вант Улс", "country_code": "DK" },
  { "id": 34, "country_name": "Доминика – Доминикагийн Хамтын Нөхөрлөл", "country_code": "DM" },
  { "id": 35, "country_name": "Доминиканы Бүгд Найрамдах Улс", "country_code": "DO" },
  { "id": 36, "country_name": "Эквадор – Бүгд Найрамдах Эквадор Улс", "country_code": "EC" },
  { "id": 37, "country_name": "Эстон – Бүгд Найрамдах Эстон Улс", "country_code": "EE" },
  { "id": 38, "country_name": "Египет – Арабын Бүгд Найрамдах Египет Улс", "country_code": "EG" },
  { "id": 39, "country_name": "Испани – Испанийн Вант Улс", "country_code": "ES" },
  { "id": 40, "country_name": "Этиоп – Бүгд Найрамдах Ардчилсан Этиопын Холбооны Улс", "country_code": "ET" },
  { "id": 41, "country_name": "Финлянд – Бүгд Найрамдах Финлянд Улс", "country_code": "FI" },
  { "id": 42, "country_name": "Фижи – Фижийн Арлуудын Бүгд Найрамдах Улс", "country_code": "FJ" },
  { "id": 43, "country_name": "Франц – Бүгд Найрамдах Франц Улс", "country_code": "FR" },
  { "id": 44, "country_name": "Нэгдсэн Вант Улс – Их Британи, Умард Ирландын Нэгдсэн Вант Улс", "country_code": "GB" },
  { "id": 45, "country_name": "Гүрж", "country_code": "GE" },
  { "id": 46, "country_name": "Гвиней – Бүгд Найрамдах Гвиней Улс", "country_code": "GN" },
  { "id": 47, "country_name": "Грек – Бүгд Найрамдах Грек Улс", "country_code": "GR" },
  { "id": 48, "country_name": "Гватемал – Бүгд Найрамдах Гватемал Улс", "country_code": "GT" },
  { "id": 49, "country_name": "Гайана – Бүгд Найрамдах Хоршооллын Гайана Улс", "country_code": "GY" },
  { "id": 50, "country_name": "Хонг Конг – Бүгд Найрамдах Хятад Ард Улсын Тусгай Захиргааны Бүс Хонг Конг (Тусгай тусгаарлалтай нутаг дэвсгэр)", "country_code": "HK" },
  { "id": 51, "country_name": "Гондурас – Бүгд Найрамдах Гондурас Улс", "country_code": "HN" },
  { "id": 52, "country_name": "Хорват – Бүгд Найрамдах Хорват Улс", "country_code": "HR" },
  { "id": 53, "country_name": "Гайти – Бүгд Найрамдах Гайти Улс", "country_code": "HT" },
  { "id": 54, "country_name": "Унгар – Бүгд Найрамдах Унгар Улс", "country_code": "HU" },
  { "id": 55, "country_name": "Индонез – Бүгд Найрамдах Индонез Улс", "country_code": "ID" },
  { "id": 56, "country_name": "Ирланд", "country_code": "IE" },
  { "id": 57, "country_name": "Израйль – Израйль Улс", "country_code": "IL" },
  { "id": 58, "country_name": "Энэтхэг – Бүгд Найрамдах Энэтхэг Улс", "country_code": "IN" },
  { "id": 59, "country_name": "Иран – Исламын Бүгд Найрамдах Иран Улс", "country_code": "IR" },
  { "id": 60, "country_name": "Исланд – Бүгд Найрамдах Исланд Улс", "country_code": "IS" },
  { "id": 61, "country_name": "Итали – Бүгд Найрамдах Итали Улс", "country_code": "IT" },
  { "id": 62, "country_name": "Ямайка", "country_code": "JM" },
  { "id": 63, "country_name": "Йордан – Йорданы Хашемит Хаант Улс", "country_code": "JO" },
  { "id": 64, "country_name": "Япон Улс", "country_code": "JP" },
  { "id": 65, "country_name": "Кени – Бүгд Найрамдах Кени Улс", "country_code": "KE" },
  { "id": 66, "country_name": "Кыргызстан – Кыргызын Бүгд Найрамдах Улс", "country_code": "KG" },
  { "id": 67, "country_name": "Камбож – Камбожийн Вант Улс", "country_code": "KH" },
  { "id": 68, "country_name": "Солонгос, Хойд – Бүгд Найрамдах Ардчилсан Солонгос Ард Улс", "country_code": "KP" },
  { "id": 69, "country_name": "Солонгос, Өмнөд – Бүгд Найрамдах Солонгос Улс", "country_code": "KR" },
  { "id": 70, "country_name": "Казахстан – Бүгд Найрамдах Казахстан Улс", "country_code": "KZ" },
  { "id": 71, "country_name": "Лаос – Лаогийн Бүгд Найрамдах Ардчилсан Улс", "country_code": "LA" },
  { "id": 72, "country_name": "Ливан – Бүгд Найрамдах Ливан Улс", "country_code": "LB" },
  { "id": 73, "country_name": "Лихтенштейн – Лихтенштейны Вант Улс", "country_code": "LI" },
  { "id": 74, "country_name": "Шри-Ланка – Бүгд Найрамдах Ардчилсан Социалист Шри-Ланка Улс", "country_code": "LK" },
  { "id": 75, "country_name": "Литва – Бүгд Найрамдах Литва Улс", "country_code": "LT" },
  { "id": 76, "country_name": "Люксембург – Люксембургийн Их Вант Улс", "country_code": "LU" },
  { "id": 77, "country_name": "Латви – Бүгд Найрамдах Латви Улс", "country_code": "LV" },
  { "id": 78, "country_name": "Марокко – Мароккогийн Вант Улс", "country_code": "MA" },
  { "id": 79, "country_name": "Монако – Монакогийн Вант Улс", "country_code": "MC" },
  { "id": 80, "country_name": "Молдав – Бүгд Найрамдах Молдав Улс", "country_code": "MD" },
  { "id": 81, "country_name": "Мадагаскар – Бүгд Найрамдах Мадагаскар Улс", "country_code": "MG" },
  { "id": 82, "country_name": "Македон – Бүгд Найрамдах Македон Улс", "country_code": "MK" },
  { "id": 83, "country_name": "Мали – Бүгд Найрамдах Мали Улс", "country_code": "ML" },
  { "id": 84, "country_name": "Мьянмар – Мьянмарын Эвлэл", "country_code": "MM" },
  { "id": 85, "country_name": "Макао – Бүгд Найрамдах Хятад Ард Улсын Тусгай Захиргааны Бүс Макао (Тусгай тусгаарлалтай нутаг дэвсгэр)", "country_code": "MO" },
  { "id": 86, "country_name": "Мартиника", "country_code": "MQ" },
  { "id": 87, "country_name": "Мавритани – Исламын Бүгд Найрамдах Мавритани Улс", "country_code": "MR" },
  { "id": 88, "country_name": "Мальта – Бүгд Найрамдах Мальта Улс", "country_code": "MT" },
  { "id": 89, "country_name": "Маврикий – Бүгд Найрамдах Маврикий Улс", "country_code": "MU" },
  { "id": 90, "country_name": "Мексик – Мексикийн Нэгдсэн Улс", "country_code": "MX" },
  { "id": 91, "country_name": "Малайз", "country_code": "MY" },
  { "id": 92, "country_name": "Мозамбик – Бүгд Найрамдах Мозамбик Улс", "country_code": "MZ" },
  { "id": 93, "country_name": "Намиби – Бүгд Найрамдах Намиби Улс", "country_code": "NA" },
  { "id": 94, "country_name": "Нигер – Бүгд Найрамдах Нигер Улс", "country_code": "NE" },
  { "id": 95, "country_name": "Нигери – Холбооны Бүгд Найрамдах Нигери Улс", "country_code": "NG" },
  { "id": 96, "country_name": "Нидерланд – Нидерландын Вант Улс", "country_code": "NL" },
  { "id": 97, "country_name": "Норвеги – Норвегийн Вант Улс", "country_code": "NO" },
  { "id": 98, "country_name": "Балба – Холбооны Бүгд Найрамдах Балба Улс", "country_code": "NP" },
  { "id": 99, "country_name": "Шинэ Зеланд Улс", "country_code": "NZ" },
  { "id": 100, "country_name": "Перу – Бүгд Найрамдах Перу Улс", "country_code": "PE" },
  { "id": 101, "country_name": "Филиппин – Бүгд Найрамдах Филиппин Улс", "country_code": "PH" },
  { "id": 102, "country_name": "Пакистан – Исламын Бүгд Найрамдах Пакистан Улс", "country_code": "PK" },
  { "id": 103, "country_name": "Польш – Бүгд Найрамдах Польш Улс", "country_code": "PL" },
  { "id": 104, "country_name": "Пуэрто-Рико – Пуэрто-Рикогийн Хамтын Нөхөрлөл (АНУ-ын Хамтын Нөхөрлөл)", "country_code": "PR" },
  { "id": 105, "country_name": "Португал – Португалын Бүгд Найрамдах Улс", "country_code": "PT" },
  { "id": 106, "country_name": "Катар – Катар Улс", "country_code": "QA" },
  { "id": 107, "country_name": "Румын", "country_code": "RO" },
  { "id": 108, "country_name": "Серби – Бүгд Найрамдах Серби Улс", "country_code": "RS" },
  { "id": 109, "country_name": "Орос – Оросын Холбооны Улс", "country_code": "RU" },
  { "id": 110, "country_name": "Саудын Араб – Саудын Арабын Хаант Улс", "country_code": "SA" },
  { "id": 111, "country_name": "Сейшелийн арлууд – Сейшелийн Арлуудын Бүгд Найрамдах Улс", "country_code": "SC" },
  { "id": 112, "country_name": "Швед – Шведийн Вант Улс", "country_code": "SE" },
  { "id": 113, "country_name": "Сингапур – Бүгд Найрамдах Сингапур Улс", "country_code": "SG" },
  { "id": 114, "country_name": "Словени – Бүгд Найрамдах Словени Улс", "country_code": "SI" },
  { "id": 115, "country_name": "Словак – Бүгд Найрамдах Словак Улс", "country_code": "SK" },
  { "id": 116, "country_name": "Сьерра-Леоне – Бүгд Найрамдах Сьерра-Леоне Улс", "country_code": "SL" },
  { "id": 117, "country_name": "Сенегал – Бүгд Найрамдах Сенегал Улс", "country_code": "SN" },
  { "id": 118, "country_name": "Сальвадор – Бүгд Найрамдах Эль Сальвадор Улс", "country_code": "SV" },
  { "id": 119, "country_name": "Сири – Арабын Бүгд Найрамдах Сири Улс", "country_code": "SY" },
  { "id": 120, "country_name": "Свазиланд – Свазиландын Хаант Улс", "country_code": "SZ" },
  { "id": 121, "country_name": "Тайланд – Тайландын Вант Улс", "country_code": "TH" },
  { "id": 122, "country_name": "Тажикистан – Бүгд Найрамдах Тажикистан Улс", "country_code": "TJ" },
  { "id": 123, "country_name": "Тунис – Тунисын Бүгд Найрамдах Улс", "country_code": "TN" },
  { "id": 124, "country_name": "Турк – Бүгд Найрамдах Турк Улс", "country_code": "TR" },
  { "id": 125, "country_name": "Тайвань – Бүгд Найрамдах Хятад Улс", "country_code": "TW" },
  { "id": 126, "country_name": "Украйн", "country_code": "UA" },
  { "id": 127, "country_name": "Америкийн Нэгдсэн Улс", "country_code": "US" },
  { "id": 128, "country_name": "Уругвай – Зүүний Бүгд Найрамдах Уругвай Улс", "country_code": "UY" },
  { "id": 129, "country_name": "Узбекистан – Бүгд Найрамдах Узбекистан Улс", "country_code": "UZ" },
  { "id": 130, "country_name": "Венесуэл – Бүгд Найрамдах Боливарын Венесуэл Улс", "country_code": "VE" },
  { "id": 131, "country_name": "Виржиний Арлууд, Британийн – Британийн Виржиний Арлууд (Нэгдсэн Вант Улсын гадаад нутаг дэвсгэр)", "country_code": "VG" },
  { "id": 132, "country_name": "Вьетнам – Бүгд Найрамдах Социалист Вьетнам Улс", "country_code": "VN" },
  { "id": 133, "country_name": "Косово – Бүгд Найрамдах Косово Улс", "country_code": "XK" },
  { "id": 134, "country_name": "Өмнөд Африк – Өмнөд Африкийн Бүгд Найрамдах Улс", "country_code": "ZA" },
  { "id": 135, "country_name": "Зимбабве – Бүгд Найрамдах Зимбабве Улс", "country_code": "ZW" },
  { "id": 136, "country_name": "Афганистан – Исламын Бүгд Найрамдах Афганистан Улс", "country_code": "AF" },
  { "id": 137, "country_name": "Аланд – Аландын Арлууд (Финляндын автономит муж)", "country_code": "AX" },
  { "id": 139, "country_name": "Алжир – Бүгд Найрамдах Ардчилсан Алжир Ард Улс", "country_code": "DZ" },
  { "id": 140, "country_name": "Америкийн Самоа – Америкийн Самоагийн Нутаг дэвсгэр (АНУ-ын нутаг дэвсгэр)", "country_code": "AS" },
  { "id": 141, "country_name": "Андорра – Андоррагийн Вант Улс", "country_code": "AD" },
  { "id": 143, "country_name": "Ангилья (Нэгдсэн Вант Улсын гадаад нутаг дэвсгэр)", "country_code": "AI" },
  { "id": 144, "country_name": "Антарктид", "country_code": "AQ" },
  { "id": 145, "country_name": "Антигуа ба Барбуда", "country_code": "AG" },
  { "id": 148, "country_name": "Аруба (Нидерландын Вант Улс дахь Өөрийгөө Захирагч Улс)", "country_code": "AW" },
  { "id": 153, "country_name": "Бахрейн – Бахрейны Вант Улс", "country_code": "BH" },
  { "id": 158, "country_name": "Белиз", "country_code": "BZ" },
  { "id": 159, "country_name": "Бенин – Бүгд Найрамдах Бенин Улс", "country_code": "BJ" },
  { "id": 160, "country_name": "Бермудын Арал (Нэгдсэн Вант Улсын гадаад нутаг дэвсгэр)", "country_code": "BM" },
  { "id": 162, "country_name": "Боливи – Боливийн Олон Үндэстний Улс", "country_code": "BO" },
  { "id": 163, "country_name": "Нидерландын Антиллийн Арлууд (Нидерландын Вант Улс дахь өөрийгөө захирагч улс)", "country_code": "BQ" },
  { "id": 165, "country_name": "Ботсван – Бүгд Найрамдах Ботсван Улс", "country_code": "BW" },
  { "id": 166, "country_name": "Bouvet Island", "country_code": "BV" },
  { "id": 168, "country_name": "British Indian Ocean Territory", "country_code": "IO" },
  { "id": 169, "country_name": "Бруней – Негара Бруней Даруссалам", "country_code": "BN" },
  { "id": 176, "country_name": "Кабо-Верде – Бүгд Найрамдах Кабо-Верде Улс", "country_code": "CV" },
  { "id": 177, "country_name": "Кайманы Арлууд (Нэгдсэн Вант Улсын гадаад нутаг дэвсгэр)", "country_code": "KY" },
  { "id": 178, "country_name": "Төв Африкийн Бүгд Найрамдах Улс", "country_code": "CF" },
  { "id": 179, "country_name": "Чад – Бүгд Найрамдах Чад Улс", "country_code": "TD" },
  { "id": 182, "country_name": "Зул Сарын Арал – Зул Сарын Арлын Нутаг Дэвсгэр (Австралийн гадаад нутаг дэвсгэр)", "country_code": "CX" },
  { "id": 183, "country_name": "Кокос (Кийлинг) Арлууд – Кокос (Кийлинг) Арлуудын Нутаг Дэвсгэр (Австралийн гадаад нутаг дэвсгэр)", "country_code": "CC" },
  { "id": 185, "country_name": "Коморын арлууд – Коморосын Эвлэл", "country_code": "KM" },
  { "id": 186, "country_name": "Конго – Бүгд Найрамдах Конго Улс", "country_code": "CG" },
  { "id": 187, "country_name": "Конго – Бүгд Найрамдах Ардчилсан Конго Улс", "country_code": "CD" },
  { "id": 188, "country_name": "Күүкийн Арлууд (Шинэ Зеландын хамтрагч улс)", "country_code": "CK" },
  { "id": 193, "country_name": "Кюрасао (Нидерландын Вант Улс дахь Өөрийгөө Захирагч Улс)", "country_code": "CW" },
  { "id": 197, "country_name": "Джибути – Бүгд Найрамдах Джибути Улс", "country_code": "DJ" },
  { "id": 203, "country_name": "Экваторын Гвиней – Бүгд Найрамдах Экваторын Гвиней Улс", "country_code": "GQ" },
  { "id": 204, "country_name": "Эритрей – Эритрей Улс", "country_code": "ER" },
  { "id": 207, "country_name": "Фолклендийн Арлууд (Нэгдсэн Вант Улсын гадаад нутаг дэвсгэр)", "country_code": "FK" },
  { "id": 208, "country_name": "Фарерын Арлууд (Данийн Вант Улс доторх өөрийгөө захирагч улс)", "country_code": "FO" },
  { "id": 212, "country_name": "French Guiana", "country_code": "GF" },
  { "id": 213, "country_name": "Францын Полинез (Францын гадаад нутаг)", "country_code": "PF" },
  { "id": 214, "country_name": "French Southern Territories", "country_code": "TF" },
  { "id": 215, "country_name": "Габон – Габоны Бүгд Найрамдах Улс", "country_code": "GA" },
  { "id": 216, "country_name": "Гамби – Бүгд Найрамдах Гамби Улс", "country_code": "GM" },
  { "id": 219, "country_name": "Гана – Бүгд Найрамдах Гана Улс", "country_code": "GH" },
  { "id": 220, "country_name": "Гибралтар (Нэгдсэн Вант Улсын гадаад нутаг дэвсгэр)", "country_code": "GI" },
  { "id": 222, "country_name": "Гринланд (Данийн Вант Улс доторх өөрийгөө захирагч улс)", "country_code": "GL" },
  { "id": 223, "country_name": "Гренада", "country_code": "GD" },
  { "id": 224, "country_name": "Guadeloupe", "country_code": "GP" },
  { "id": 225, "country_name": "Гуам – Гуамын Нутаг Дэвсгэр (АНУ-ын зохицуулалттай нутаг дэвсгэр)", "country_code": "GU" },
  { "id": 227, "country_name": "Гернси – Гернсигийн Байливик (Британийн титмийн харъяат улс)", "country_code": "GG" },
  { "id": 229, "country_name": "Гвиней-Бисау – Бүгд Найрамдах Гвиней-Бисау Улс", "country_code": "GW" },
  { "id": 232, "country_name": "Heard Island and McDonald Islands", "country_code": "HM" },
  { "id": 233, "country_name": "Ватикан Хот Улс", "country_code": "VA" },
  { "id": 241, "country_name": "Ирак – Бүгд Найрамдах Ирак Улс", "country_code": "IQ" },
  { "id": 243, "country_name": "Isle of Man", "country_code": "IM" },
  { "id": 248, "country_name": "Жерси – Жерсигийн Байливик (Британийн титмийн харъяат улс)", "country_code": "JE" },
  { "id": 252, "country_name": "Кирибати – Бүгд Найрамдах Кирибати Улс", "country_code": "KI" },
  { "id": 255, "country_name": "Кувейт – Кувейт Улс", "country_code": "KW" },
  { "id": 260, "country_name": "Лесото – Лесотын Вант Улс", "country_code": "LS" },
  { "id": 261, "country_name": "Либери – Бүгд Найрамдах Либери Улс", "country_code": "LR" },
  { "id": 262, "country_name": "Ливи – Ардын Их Социалист Ливийн Араб Жамахирия", "country_code": "LY" },
  { "id": 269, "country_name": "Малави – Бүгд Найрамдах Малави Улс", "country_code": "MW" },
  { "id": 271, "country_name": "Мальдив – Бүгд Найрамдах Мальдив Улс", "country_code": "MV" },
  { "id": 274, "country_name": "Маршаллын арлууд – Маршаллын Арлуудын Бүгд Найрамдах Улс", "country_code": "MH" },
  { "id": 278, "country_name": "Майотта – Майоттагийн гадаад муж нутаг (Францын гадаад нутаг)", "country_code": "YT" },
  { "id": 280, "country_name": "Микронези – Микронезийн Холбооны Улс", "country_code": "FM" },
  { "id": 283, "country_name": "Монгол Улс", "country_code": "MN" },
  { "id": 284, "country_name": "Монтенегро", "country_code": "ME" },
  { "id": 285, "country_name": "Монтсеррат (Нэгдсэн Вант Улсын гадаад нутаг дэвсгэр)", "country_code": "MS" },
  { "id": 290, "country_name": "Науру – Бүгд Найрамдах Науру Улс", "country_code": "NR" },
  { "id": 293, "country_name": "Шинэ Каледони – Шинэ Каледони ба түүний харъяат улсуудын нутаг дэвсгэр (Францын гадаад нутаг дэвсгэр, sui generis)", "country_code": "NC" },
  { "id": 295, "country_name": "Никарагуа – Бүгд Найрамдах Никарагуа Улс", "country_code": "NI" },
  { "id": 298, "country_name": "Ниуэ (Шинэ Зеландын хамтрагч улс)", "country_code": "NU" },
  { "id": 299, "country_name": "Норфолк Арал – Норфолк арлын нутаг дэвсгэр (Австралийн гадаад нутаг дэвсгэр)", "country_code": "NF" },
  { "id": 300, "country_name": "Хойд Марианы Арлууд – Хойд Марианы Арлуудын Хамтын Нөхөрлөл (АНУ-ын Хамтын Нөхөрлөл)", "country_code": "MP" },
  { "id": 302, "country_name": "Оман – Оманы Султант Улс", "country_code": "OM" },
  { "id": 304, "country_name": "Палау – Бүгд Найрамдах Палау Улс", "country_code": "PW" },
  { "id": 305, "country_name": "Палестин – Палестины нутаг дэвсгэрүүд", "country_code": "PS" },
  { "id": 306, "country_name": "Панама – Бүгд Найрамдах Панама Улс", "country_code": "PA" },
  { "id": 307, "country_name": "Папуа-Шинэ Гвиней – Папуа Шинэ Гвинейн Тусгаар Улс", "country_code": "PG" },
  { "id": 308, "country_name": "Парагвай – Бүгд Найрамдах Парагвай Улс", "country_code": "PY" },
  { "id": 311, "country_name": "Питкэрн Арлууд – Питкэрн, Хендерсон, Дюси, Оэно арлууд (Нэгдсэн Вант Улсын гадаад нутаг дэвсгэр)", "country_code": "PN" },
  { "id": 316, "country_name": "Réunion", "country_code": "RE" },
  { "id": 319, "country_name": "Руанда – Бүгд Найрамдах Руанда Улс", "country_code": "RW" },
  { "id": 320, "country_name": "Сент Бартельми – Сэйнт Бартельми коллективити (Францын гадаад нутаг)", "country_code": "BL" },
  { "id": 321, "country_name": "Сент Хелена (Нэгдсэн Вант Улсын гадаад нутаг дэвсгэр)", "country_code": "SH" },
  { "id": 322, "country_name": "Сент-Киттс ба Невис – Сент-Кристофер ба Невисийн Холбооны Улс", "country_code": "KN" },
  { "id": 323, "country_name": "Сент Люсиа", "country_code": "LC" },
  { "id": 324, "country_name": "Сент-Мартин – Сент-Мартины коллективити (Францын гадаад нутаг)", "country_code": "MF" },
  { "id": 325, "country_name": "Сент-Пьер ба Микелон – Сент-Пьер ба Микелоны нутаг дэвсгэрийн коллективити (Францын гадаад нутаг)", "country_code": "PM" },
  { "id": 326, "country_name": "Сент-Винсент ба Гренадин", "country_code": "VC" },
  { "id": 327, "country_name": "Самоа – Самоагийн Тусгаар Улс", "country_code": "WS" },
  { "id": 328, "country_name": "Сан-Марино – Бүгд Найрамдах Сан-Марино Улс", "country_code": "SM" },
  { "id": 329, "country_name": "Сан-Томе ба Принсипи – Бүгд Найрамдах Ардчилсан Сан-Томе ба Принсипи Улс", "country_code": "ST" },
  { "id": 336, "country_name": "Синт Мартен (Нидерландын Вант Улс дахь Өөрийгөө Захирагч Улс)", "country_code": "SX" },
  { "id": 339, "country_name": "Соломоны арлууд", "country_code": "SB" },
  { "id": 340, "country_name": "Сомали - Сомалигийн Бүгд Найрамдах Улс", "country_code": "SO" },
  { "id": 342, "country_name": "Өмнөд Жоржиа ба Өмнөд Сэндвичийн Арлууд", "country_code": "GS" },
  { "id": 343, "country_name": "South Sudan", "country_code": "SS" },
  { "id": 346, "country_name": "Судан – Бүгд Найрамдах Судан Улс", "country_code": "SD" },
  { "id": 347, "country_name": "Суринам – Бүгд Найрамдах Суринам Улс", "country_code": "SR" },
  { "id": 348, "country_name": "Свалбард (Норвегийн нутаг дэвсгэр)", "country_code": "SJ" },
  { "id": 355, "country_name": "Танзани – Танзаний Нэгдсэн Бүгд Найрамдах Улс", "country_code": "TZ" },
  { "id": 357, "country_name": "Зүүн Тимор – Бүгд Найрамдах Ардчилсан Тимор-Лесте Улс", "country_code": "TL" },
  { "id": 358, "country_name": "Того – Тогогийн Бүгд Найрамдах Улс", "country_code": "TG" },
  { "id": 359, "country_name": "Токелау (Шинэ Зеландын гадаад нутаг дэвсгэр)", "country_code": "TK" },
  { "id": 360, "country_name": "Тонга – Тонгагийн Хаант Улс", "country_code": "TO" },
  { "id": 361, "country_name": "Тринидад ба Тобаго – Бүгд Найрамдах Тринидад ба Тобаго Улс", "country_code": "TT" },
  { "id": 364, "country_name": "Туркменистан", "country_code": "TM" },
  { "id": 365, "country_name": "Туркс ба Кайкосын Арлууд (Нэгдсэн Вант Улсын гадаад нутаг дэвсгэр)", "country_code": "TC" },
  { "id": 366, "country_name": "Тувалу", "country_code": "TV" },
  { "id": 367, "country_name": "Уганда – Бүгд Найрамдах Уганда Улс", "country_code": "UG" },
  { "id": 372, "country_name": "United States Minor Outlying Islands", "country_code": "UM" },
  { "id": 375, "country_name": "Вануату – Бүгд Найрамдах Вануату Улс", "country_code": "VU" },
  { "id": 379, "country_name": "Виржиний Арлууд, АНУ – АНУ-ын Виржиний Арлууд (АНУ-ын зохицуулалттай нутаг дэвсгэр)", "country_code": "VI" },
  { "id": 380, "country_name": "Уоллис ба Футуна – Уоллис ба Футунагийн Арлуудын Нутаг Дэвсгэр (Францын гадаад нутаг)", "country_code": "WF" },
  { "id": 381, "country_name": "Баруун Сахар - Сахравигийн Ардчилсан Араб Бүгд Найрамдах Улс", "country_code": "EH" },
  { "id": 382, "country_name": "Йемен – Бүгд Найрамдах Йемен Улс", "country_code": "YE" },
  { "id": 383, "country_name": "Замби – Бүгд Найрамдах Замби Улс", "country_code": "ZM" },
  { "id": 384, "country_name": "Нийлбэр", "country_code": "" },
  { "id": 385, "country_name": "Нидерландын антиллел", "country_code": "AN" }
]